1be5f62a-fada-11ec-85b9-001a7dda7113.png,
1ee3f64f-fada-11ec-8b62-001a7dda7113.png,['!: ::']
29363e15-fada-11ec-867e-001a7dda7113.png,
419ebff9-fada-11ec-9f88-001a7dda7113.png,
f3260ac1-fae6-11ec-92d7-001a7dda7113.png,['I0a']
f50f2b40-fae6-11ec-a137-001a7dda7113.png,['D1A1cy s']
f6f5bd70-fae6-11ec-bb5e-001a7dda7113.png,['DAcT- 5']
1cbad113-fae7-11ec-bab6-001a7dda7113.png,
2380d858-fae7-11ec-9b3f-001a7dda7113.png,
2ce1b297-fae7-11ec-be3d-001a7dda7113.png,
369bcf49-fae7-11ec-805c-001a7dda7113.png,
80603340-fb06-11ec-b3aa-001a7dda7113.png,
93450ddc-fb07-11ec-b164-001a7dda7113.png,
300a4f61-fb09-11ec-8622-001a7dda7113.png,['@9(}']
47d35b1e-fb09-11ec-a78b-001a7dda7113.png,
